{
  "abyss": {
    "A": {
      "x": 3694.4444444444443,
      "y": -583.3333333333334
    },
    "B": {
      "x": -4182.142857142857,
      "y": 339.2857142857143
    }
  },
  "ascent": {
    "A": {
      "x": 5153.8084,
      "y": -6115.0580375
    },
    "B": {
      "x": -2575.774175,
      "y": -5635.663125
    }
  },
  "bind": {
    "A": {
      "x": 8942.65993,
      "y": 1924.5815984
    },
    "B": {
      "x": 8946.58960909091,
      "y": -4849.455063636364
    }
  },
  "breeze": {
    "A": {
      "x": 4437.5,
      "y": 4279.166666666667
    },
    "B": {
      "x": 5635.714285714285,
      "y": -3900.0
    }
  },
  "corrode": {
    "A": {
      "x": 4433.2802125,
      "y": -840.126445
    },
    "B": {
      "x": -2959.578928571428,
      "y": -1388.8002285714285
    }
  },
  "fracture": {
    "A": {
      "x": 8184.250233333333,
      "y": 2106.7109111111113
    },
    "B": {
      "x": 8199.2,
      "y": -4138.8
    }
  },
  "haven": {
    "A": {
      "x": 4782.357114285714,
      "y": -8024.968671428572
    },
    "B": {
      "x": 1925.4334,
      "y": -9948.055
    },
    "C": {
      "x": -1344.9594917142856,
      "y": -7754.373928571428
    }
  },
  "icebox": {
    "A": {
      "x": -6325.0,
      "y": 1879.1666666666667
    },
    "B": {
      "x": -147.4544142857143,
      "y": 1971.6407714285713
    }
  },
  "lotus": {
    "A": {
      "x": 6436.108291666666,
      "y": 4521.848483333333
    },
    "B": {
      "x": 5623.2942,
      "y": 701.4637475
    },
    "C": {
      "x": 5879.4258,
      "y": -2699.18114
    }
  },
  "pearl": {
    "A": {
      "x": 6926.6003,
      "y": 3948.7695125
    },
    "B": {
      "x": 5351.776511111111,
      "y": -3114.2445833333336
    }
  },
  "split": {
    "A": {
      "x": 5771.193833333334,
      "y": -5618.032833333334
    },
    "B": {
      "x": -1036.5863494444445,
      "y": -5341.284222222222
    }
  },
  "sunset": {
    "A": {
      "x": 766.6666666666666,
      "y": 3033.3333333333335
    },
    "B": {
      "x": -800.0,
      "y": -4460.0
    }
  }
}